[
    {
        "dataSetId": "appsets/marketrisk/active_pivot/exception_tickets/date=2018-01-25/version=1",
        "modificationTime": "2018-03-05T17:23:18Z"
    },
    {
        "dataSetId": "appsets/marketrisk/active_pivot/exception_tickets/date=2018-03-13/version=1",
        "modificationTime": "2018-03-14T00:21:31Z"
    },
    {
        "dataSetId": "appsets/marketrisk/active_pivot/exception_tickets/date=2018-03-15/version=1",
        "modificationTime": "2018-03-16T00:23:12Z"
    },
    {
        "dataSetId": "appsets/marketrisk/active_pivot/exception_tickets/date=2018-03-16/version=1",
        "modificationTime": "2018-05-15T12:11:28Z"
    },
    {
        "dataSetId": "appsets/marketrisk/active_pivot/exception_tickets/date=2018-03-20/version=1",
        "modificationTime": "2018-04-05T10:06:19Z"
    },
    {
        "dataSetId": "appsets/marketrisk/active_pivot/exception_tickets/date=2018-03-21/version=1",
        "modificationTime": "2018-03-22T00:21:36Z"
    },
    {
        "dataSetId": "appsets/marketrisk/active_pivot/exception_tickets/date=2018-03-22/version=1",
        "modificationTime": "2018-03-23T00:22:24Z"
    },
    {
        "dataSetId": "appsets/marketrisk/active_pivot/exception_tickets/date=2018-03-23/version=1",
        "modificationTime": "2018-04-04T11:44:09Z"
    },
    {
        "dataSetId": "appsets/marketrisk/active_pivot/exception_tickets/date=2018-03-26/version=1",
        "modificationTime": "2018-03-27T00:31:29Z"
    },
    {
        "dataSetId": "appsets/marketrisk/active_pivot/exception_tickets/date=2018-03-27/version=1",
        "modificationTime": "2018-03-28T00:33:00Z"
    },
    {
        "dataSetId": "appsets/marketrisk/active_pivot/exception_tickets/date=2018-03-28/version=1",
        "modificationTime": "2018-03-29T00:33:05Z"
    },
    {
        "dataSetId": "appsets/marketrisk/active_pivot/exception_tickets/date=2018-03-29/version=1",
        "modificationTime": "2018-03-30T00:33:56Z"
    },
    {
        "dataSetId": "appsets/marketrisk/active_pivot/exception_tickets/date=2018-03-30/version=1",
        "modificationTime": "2018-03-31T00:33:00Z"
    },
    {
        "dataSetId": "appsets/marketrisk/active_pivot/exception_tickets/date=2018-04-02/version=1",
        "modificationTime": "2018-04-03T00:33:47Z"
    },
    {
        "dataSetId": "appsets/marketrisk/active_pivot/exception_tickets/date=2018-04-03/version=1",
        "modificationTime": "2018-04-04T00:34:30Z"
    },
    {
        "dataSetId": "appsets/marketrisk/active_pivot/exception_tickets/date=2018-04-04/version=1",
        "modificationTime": "2018-04-05T00:35:21Z"
    },
    {
        "dataSetId": "appsets/marketrisk/active_pivot/exception_tickets/date=2018-04-05/version=1",
        "modificationTime": "2018-04-09T12:28:26Z"
    },
    {
        "dataSetId": "appsets/marketrisk/active_pivot/exception_tickets/date=2018-04-06/version=1",
        "modificationTime": "2018-04-07T00:34:07Z"
    },
    {
        "dataSetId": "appsets/marketrisk/active_pivot/exception_tickets/date=2018-04-09/version=1",
        "modificationTime": "2018-04-10T00:34:36Z"
    },
    {
        "dataSetId": "appsets/marketrisk/active_pivot/exception_tickets/date=2018-04-10/version=1",
        "modificationTime": "2018-04-11T00:35:34Z"
    },
    {
        "dataSetId": "appsets/marketrisk/active_pivot/exception_tickets/date=2018-04-11/version=1",
        "modificationTime": "2018-04-12T00:36:46Z"
    },
    {
        "dataSetId": "appsets/marketrisk/active_pivot/exception_tickets/date=2018-04-12/version=1",
        "modificationTime": "2018-04-13T00:51:22Z"
    },
    {
        "dataSetId": "appsets/marketrisk/active_pivot/exception_tickets/date=2018-04-13/version=1",
        "modificationTime": "2018-04-14T00:38:59Z"
    },
    {
        "dataSetId": "appsets/marketrisk/active_pivot/exception_tickets/date=2018-04-16/version=1",
        "modificationTime": "2018-04-17T00:37:53Z"
    },
    {
        "dataSetId": "appsets/marketrisk/active_pivot/exception_tickets/date=2018-04-17/version=1",
        "modificationTime": "2018-04-18T00:37:10Z"
    },
    {
        "dataSetId": "appsets/marketrisk/active_pivot/exception_tickets/date=2018-04-18/version=1",
        "modificationTime": "2018-04-19T00:38:04Z"
    },
    {
        "dataSetId": "appsets/marketrisk/active_pivot/exception_tickets/date=2018-04-19/version=1",
        "modificationTime": "2018-04-20T00:39:38Z"
    },
    {
        "dataSetId": "appsets/marketrisk/active_pivot/exception_tickets/date=2018-04-20/version=1",
        "modificationTime": "2018-04-21T00:38:47Z"
    },
    {
        "dataSetId": "appsets/marketrisk/active_pivot/exception_tickets/date=2018-04-23/version=1",
        "modificationTime": "2018-04-24T00:38:18Z"
    },
    {
        "dataSetId": "appsets/marketrisk/active_pivot/exception_tickets/date=2018-04-24/version=1",
        "modificationTime": "2018-04-25T00:38:41Z"
    },
    {
        "dataSetId": "appsets/marketrisk/active_pivot/exception_tickets/date=2018-04-25/version=1",
        "modificationTime": "2018-04-26T00:40:36Z"
    },
    {
        "dataSetId": "appsets/marketrisk/active_pivot/exception_tickets/date=2018-04-26/version=1",
        "modificationTime": "2018-05-28T07:21:00Z"
    },
    {
        "dataSetId": "appsets/marketrisk/active_pivot/exception_tickets/date=2018-04-27/version=1",
        "modificationTime": "2018-04-28T00:40:15Z"
    },
    {
        "dataSetId": "appsets/marketrisk/active_pivot/exception_tickets/date=2018-05-06/version=1",
        "modificationTime": "2018-05-31T03:26:37Z"
    },
    {
        "dataSetId": "appsets/marketrisk/active_pivot/exception_tickets/date=2018-05-07/version=1",
        "modificationTime": "2018-05-31T02:32:08Z"
    },
    {
        "dataSetId": "appsets/marketrisk/active_pivot/exception_tickets/date=2018-05-08/version=1",
        "modificationTime": "2018-05-31T07:06:06Z"
    },
    {
        "dataSetId": "appsets/marketrisk/active_pivot/exception_tickets/date=2018-05-09/version=1",
        "modificationTime": "2018-05-10T00:41:31Z"
    },
    {
        "dataSetId": "appsets/marketrisk/active_pivot/exception_tickets/date=2018-05-10/version=1",
        "modificationTime": "2018-05-11T00:42:54Z"
    },
    {
        "dataSetId": "appsets/marketrisk/active_pivot/exception_tickets/date=2018-05-14/version=1",
        "modificationTime": "2018-05-15T00:37:12Z"
    },
    {
        "dataSetId": "appsets/marketrisk/active_pivot/exception_tickets/date=2018-05-16/version=1",
        "modificationTime": "2018-05-17T00:39:41Z"
    },
    {
        "dataSetId": "appsets/marketrisk/active_pivot/exception_tickets/date=2018-05-17/version=1",
        "modificationTime": "2018-05-18T00:40:24Z"
    },
    {
        "dataSetId": "appsets/marketrisk/active_pivot/exception_tickets/date=2018-05-22/version=1",
        "modificationTime": "2018-05-23T00:39:52Z"
    },
    {
        "dataSetId": "appsets/marketrisk/active_pivot/exception_tickets/date=2018-05-23/version=1",
        "modificationTime": "2018-05-24T00:40:19Z"
    },
    {
        "dataSetId": "appsets/marketrisk/active_pivot/exception_tickets/date=2018-06-07/version=1",
        "modificationTime": "2018-06-08T00:09:32Z"
    },
    {
        "dataSetId": "appsets/marketrisk/active_pivot/exception_tickets/date=2018-06-08/version=1",
        "modificationTime": "2018-06-09T00:11:11Z"
    },
    {
        "dataSetId": "appsets/marketrisk/active_pivot/exception_tickets/date=2018-06-11/version=1",
        "modificationTime": "2018-06-12T00:23:15Z"
    },
    {
        "dataSetId": "appsets/marketrisk/active_pivot/exception_tickets/date=2018-06-12/version=1",
        "modificationTime": "2018-06-13T00:11:22Z"
    },
    {
        "dataSetId": "appsets/marketrisk/active_pivot/exception_tickets/date=2018-06-13/version=1",
        "modificationTime": "2018-06-14T00:13:10Z"
    },
    {
        "dataSetId": "appsets/marketrisk/active_pivot/exception_tickets/date=2018-06-14/version=1",
        "modificationTime": "2018-06-15T00:11:09Z"
    },
    {
        "dataSetId": "appsets/marketrisk/active_pivot/exception_tickets/date=2018-06-21/version=1",
        "modificationTime": "2018-08-09T12:31:37Z"
    },
    {
        "dataSetId": "appsets/marketrisk/active_pivot/exception_tickets/date=2018-06-22/version=1",
        "modificationTime": "2018-08-09T12:42:32Z"
    },
    {
        "dataSetId": "appsets/marketrisk/active_pivot/exception_tickets/date=2018-06-25/version=1",
        "modificationTime": "2018-08-09T12:58:49Z"
    },
    {
        "dataSetId": "appsets/marketrisk/active_pivot/exception_tickets/date=2018-06-26/version=1",
        "modificationTime": "2018-06-27T22:03:59Z"
    },
    {
        "dataSetId": "appsets/marketrisk/active_pivot/exception_tickets/date=2018-06-27/version=1",
        "modificationTime": "2018-06-28T22:04:20Z"
    },
    {
        "dataSetId": "appsets/marketrisk/active_pivot/exception_tickets/date=2018-06-28/version=1",
        "modificationTime": "2018-06-29T22:03:59Z"
    },
    {
        "dataSetId": "appsets/marketrisk/active_pivot/exception_tickets/date=2018-07-02/version=1",
        "modificationTime": "2018-07-03T22:03:32Z"
    },
    {
        "dataSetId": "appsets/marketrisk/active_pivot/exception_tickets/date=2018-07-03/version=1",
        "modificationTime": "2018-07-04T22:04:48Z"
    },
    {
        "dataSetId": "appsets/marketrisk/active_pivot/exception_tickets/date=2018-07-04/version=1",
        "modificationTime": "2018-07-05T22:03:48Z"
    },
    {
        "dataSetId": "appsets/marketrisk/active_pivot/exception_tickets/date=2018-07-05/version=1",
        "modificationTime": "2018-07-06T22:03:46Z"
    },
    {
        "dataSetId": "appsets/marketrisk/active_pivot/exception_tickets/date=2018-07-08/version=1",
        "modificationTime": "2018-07-09T22:03:29Z"
    },
    {
        "dataSetId": "appsets/marketrisk/active_pivot/exception_tickets/date=2018-07-09/version=1",
        "modificationTime": "2018-07-10T22:02:18Z"
    },
    {
        "dataSetId": "appsets/marketrisk/active_pivot/exception_tickets/date=2018-07-10/version=1",
        "modificationTime": "2018-07-11T22:02:39Z"
    },
    {
        "dataSetId": "appsets/marketrisk/active_pivot/exception_tickets/date=2018-07-11/version=1",
        "modificationTime": "2018-07-12T22:02:33Z"
    },
    {
        "dataSetId": "appsets/marketrisk/active_pivot/exception_tickets/date=2018-07-12/version=1",
        "modificationTime": "2018-07-13T22:02:43Z"
    },
    {
        "dataSetId": "appsets/marketrisk/active_pivot/exception_tickets/date=2018-07-15/version=1",
        "modificationTime": "2018-07-16T22:04:50Z"
    },
    {
        "dataSetId": "appsets/marketrisk/active_pivot/exception_tickets/date=2018-08-10/version=1",
        "modificationTime": "2018-08-10T21:00:35Z"
    },
    {
        "dataSetId": "appsets/marketrisk/active_pivot/exception_tickets/date=2018-08-13/version=1",
        "modificationTime": "2018-08-13T21:02:23Z"
    },
    {
        "dataSetId": "appsets/marketrisk/active_pivot/exception_tickets/date=2018-08-14/version=1",
        "modificationTime": "2018-08-14T21:02:45Z"
    },
    {
        "dataSetId": "appsets/marketrisk/active_pivot/exception_tickets/date=2018-08-15/version=1",
        "modificationTime": "2018-08-15T21:03:48Z"
    },
    {
        "dataSetId": "appsets/marketrisk/active_pivot/global_stress/date=2018-03-16/version=1",
        "modificationTime": "2018-05-15T13:23:39Z"
    },
    {
        "dataSetId": "appsets/marketrisk/active_pivot/global_stress/date=2018-03-23/version=1",
        "modificationTime": "2018-04-09T10:53:58Z"
    },
    {
        "dataSetId": "appsets/marketrisk/active_pivot/localised_stress/date=2018-03-16/version=1",
        "modificationTime": "2018-05-15T13:25:01Z"
    },
    {
        "dataSetId": "appsets/marketrisk/active_pivot/localised_stress/date=2018-03-23/version=1",
        "modificationTime": "2018-04-04T15:04:41Z"
    },
    {
        "dataSetId": "appsets/marketrisk/active_pivot/sensitivities/date=2018-01-25/version=1",
        "modificationTime": "2018-03-05T17:26:10Z"
    },
    {
        "dataSetId": "appsets/marketrisk/active_pivot/sensitivities/date=2018-03-16/version=1",
        "modificationTime": "2018-05-15T12:22:40Z"
    },
    {
        "dataSetId": "appsets/marketrisk/active_pivot/sensitivities/date=2018-03-20/version=1",
        "modificationTime": "2018-04-05T10:04:11Z"
    },
    {
        "dataSetId": "appsets/marketrisk/active_pivot/sensitivities/date=2018-03-23/version=1",
        "modificationTime": "2018-04-04T12:16:16Z"
    },
    {
        "dataSetId": "appsets/marketrisk/active_pivot/sensitivities/date=2018-04-05/version=1",
        "modificationTime": "2018-04-09T12:25:59Z"
    }
]
