[
    {
        "dataSetId": "appsets/marketrisk/stress/errors/global/date=2018-02-26/version=1",
        "modificationTime": "2018-03-29T12:32:57Z"
    },
    {
        "dataSetId": "appsets/marketrisk/stress/errors/global/date=2018-03-16/version=1",
        "modificationTime": "2018-05-15T13:15:57Z"
    },
    {
        "dataSetId": "appsets/marketrisk/stress/errors/global/date=2018-03-23/version=1",
        "modificationTime": "2018-04-04T14:44:49Z"
    },
    {
        "dataSetId": "appsets/marketrisk/stress/errors/localised/date=2018-03-16/version=1",
        "modificationTime": "2018-05-15T13:22:53Z"
    },
    {
        "dataSetId": "appsets/marketrisk/stress/errors/localised/date=2018-03-23/version=1",
        "modificationTime": "2018-04-04T15:01:15Z"
    },
    {
        "dataSetId": "appsets/marketrisk/stress/fallback/global/date=2018-02-26/version=1",
        "modificationTime": "2018-03-29T12:34:19Z"
    },
    {
        "dataSetId": "appsets/marketrisk/stress/fallback/global/date=2018-03-16/version=1",
        "modificationTime": "2018-05-15T13:12:34Z"
    },
    {
        "dataSetId": "appsets/marketrisk/stress/fallback/global/date=2018-03-23/version=1",
        "modificationTime": "2018-04-04T14:36:03Z"
    },
    {
        "dataSetId": "appsets/marketrisk/stress/fallback/localised/date=2018-03-16/version=1",
        "modificationTime": "2018-05-15T13:19:55Z"
    },
    {
        "dataSetId": "appsets/marketrisk/stress/fallback/localised/date=2018-03-23/version=1",
        "modificationTime": "2018-04-04T14:58:27Z"
    },
    {
        "dataSetId": "appsets/marketrisk/stress/fdsf/shockType=FX/shockName=FDSF/reportName=aggregate/cobDate=2018-06-29/version=1",
        "modificationTime": "2018-09-11T10:37:13Z"
    },
    {
        "dataSetId": "appsets/marketrisk/stress/fdsf/shockType=FX/shockName=FDSF/reportName=error/cobDate=2018-06-29/version=1",
        "modificationTime": "2018-09-11T10:36:19Z"
    },
    {
        "dataSetId": "appsets/marketrisk/stress/fdsf/shockType=FX/shockName=FDSF/reportName=trades/cobDate=2018-06-29/version=1",
        "modificationTime": "2018-09-11T10:36:13Z"
    },
    {
        "dataSetId": "appsets/marketrisk/stress/fdsf/shockType=IR/shockName=FDSF/reportName=aggregate/cobDate=2018-06-29/version=1",
        "modificationTime": "2018-09-11T10:37:13Z"
    },
    {
        "dataSetId": "appsets/marketrisk/stress/fdsf/shockType=IR/shockName=FDSF/reportName=error/cobDate=2018-06-29/version=1",
        "modificationTime": "2018-09-11T10:36:25Z"
    },
    {
        "dataSetId": "appsets/marketrisk/stress/fdsf/shockType=IR/shockName=FDSF/reportName=trades/cobDate=2018-06-29/version=1",
        "modificationTime": "2018-09-11T10:36:15Z"
    },
    {
        "dataSetId": "appsets/marketrisk/stress/global/Acrimonious_Brexit_Triggers_Global_Risk_Aversion/date=2018-03-16/version=1",
        "modificationTime": "2018-04-13T00:43:33Z"
    },
    {
        "dataSetId": "appsets/marketrisk/stress/global/Acrimonious_Brexit_Triggers_Global_Risk_Aversion/date=2018-03-23/version=1",
        "modificationTime": "2018-04-04T14:53:16Z"
    },
    {
        "dataSetId": "appsets/marketrisk/stress/global/Acrimonious_Brexit_Triggers_Global_Risk_Aversion-20180223022915/date=2018-03-16/version=1",
        "modificationTime": "2018-04-04T16:40:02Z"
    },
    {
        "dataSetId": "appsets/marketrisk/stress/global/Bond_Armageddon/date=2018-03-23/version=1",
        "modificationTime": "2018-04-04T14:54:29Z"
    },
    {
        "dataSetId": "appsets/marketrisk/stress/global/BrexitGlobalShock/date=2018-03-16/version=1",
        "modificationTime": "2018-04-04T16:38:30Z"
    },
    {
        "dataSetId": "appsets/marketrisk/stress/global/CNY/date=2018-03-16/version=1",
        "modificationTime": "2018-05-15T13:13:21Z"
    },
    {
        "dataSetId": "appsets/marketrisk/stress/global/CNY-20180223022948/date=2018-03-16/version=1",
        "modificationTime": "2018-04-04T16:39:05Z"
    },
    {
        "dataSetId": "appsets/marketrisk/stress/global/Middle_East_Scn/date=2018-03-16/version=1",
        "modificationTime": "2018-04-13T00:43:31Z"
    },
    {
        "dataSetId": "appsets/marketrisk/stress/global/Middle_East_War/date=2018-03-23/version=1",
        "modificationTime": "2018-04-04T14:51:51Z"
    },
    {
        "dataSetId": "appsets/marketrisk/stress/global/Oil_Price_Slump/date=2018-03-23/version=1",
        "modificationTime": "2018-04-04T14:52:44Z"
    },
    {
        "dataSetId": "appsets/marketrisk/stress/global/Oil_Price_Spike/date=2018-03-23/version=1",
        "modificationTime": "2018-04-04T14:50:50Z"
    },
    {
        "dataSetId": "appsets/marketrisk/stress/global/consolidated_desk/date=2017-10-19/version=1/blobs",
        "modificationTime": "2017-11-07T15:34:36Z"
    },
    {
        "dataSetId": "appsets/marketrisk/stress/global/consolidated_desk/date=2018-03-16/version=1",
        "modificationTime": "2018-04-13T00:52:43Z"
    },
    {
        "dataSetId": "appsets/marketrisk/stress/global-missingshocks/Acrimonious_Brexit_Triggers_Global_Risk_Aversion/date=2018-03-16/version=1",
        "modificationTime": "2018-04-13T00:36:12Z"
    },
    {
        "dataSetId": "appsets/marketrisk/stress/global-missingshocks/Acrimonious_Brexit_Triggers_Global_Risk_Aversion/date=2018-03-23/version=1",
        "modificationTime": "2018-04-04T15:09:52Z"
    },
    {
        "dataSetId": "appsets/marketrisk/stress/global-missingshocks/Acrimonious_Brexit_Triggers_Global_Risk_Aversion-20180223022915/date=2018-03-16/version=1",
        "modificationTime": "2018-04-04T16:25:55Z"
    },
    {
        "dataSetId": "appsets/marketrisk/stress/global-missingshocks/Bond_Armageddon/date=2018-03-23/version=1",
        "modificationTime": "2018-04-04T15:09:51Z"
    },
    {
        "dataSetId": "appsets/marketrisk/stress/global-missingshocks/BrexitGlobalShock/date=2018-03-16/version=1",
        "modificationTime": "2018-04-04T16:25:56Z"
    },
    {
        "dataSetId": "appsets/marketrisk/stress/global-missingshocks/CNY/date=2018-03-16/version=1",
        "modificationTime": "2018-05-15T13:11:24Z"
    },
    {
        "dataSetId": "appsets/marketrisk/stress/global-missingshocks/CNY-20180223022948/date=2018-03-16/version=1",
        "modificationTime": "2018-04-04T16:25:57Z"
    },
    {
        "dataSetId": "appsets/marketrisk/stress/global-missingshocks/Middle_East_Scn/date=2018-03-16/version=1",
        "modificationTime": "2018-04-13T00:36:11Z"
    },
    {
        "dataSetId": "appsets/marketrisk/stress/global-missingshocks/Middle_East_War/date=2018-03-23/version=1",
        "modificationTime": "2018-04-04T15:09:51Z"
    },
    {
        "dataSetId": "appsets/marketrisk/stress/global-missingshocks/Oil_Price_Slump/date=2018-03-23/version=1",
        "modificationTime": "2018-04-04T15:09:52Z"
    },
    {
        "dataSetId": "appsets/marketrisk/stress/global-missingshocks/Oil_Price_Spike/date=2018-03-23/version=1",
        "modificationTime": "2018-04-04T15:09:52Z"
    },
    {
        "dataSetId": "appsets/marketrisk/stress/localised/LOCALISED_FX_SPOT/date=2018-03-16/version=1",
        "modificationTime": "2018-04-13T01:31:18Z"
    },
    {
        "dataSetId": "appsets/marketrisk/stress/localised/LOCALISED_FX_SPOT/date=2018-03-23/version=1",
        "modificationTime": "2018-04-04T14:58:51Z"
    },
    {
        "dataSetId": "appsets/marketrisk/stress/localised/LOCALISED_FX_SPOT-20180302151912/date=2018-03-16/version=1",
        "modificationTime": "2018-04-05T06:56:26Z"
    },
    {
        "dataSetId": "appsets/marketrisk/stress/localised/LOCALISED_FX_SPOT_VOLS/date=2018-03-16/version=1",
        "modificationTime": "2018-05-15T13:16:06Z"
    },
    {
        "dataSetId": "appsets/marketrisk/stress/localised/LOCALISED_FX_SPOT_VOLS/date=2018-03-23/version=1",
        "modificationTime": "2018-04-04T14:58:38Z"
    },
    {
        "dataSetId": "appsets/marketrisk/stress/localised/LOCALISED_FX_SPOT_VOLS-20180302152014/date=2018-03-16/version=1",
        "modificationTime": "2018-04-05T06:56:55Z"
    },
    {
        "dataSetId": "appsets/marketrisk/stress/localised/LOCALISED_FX_SPOT_VOLS_RR/date=2018-03-16/version=1",
        "modificationTime": "2018-04-13T01:31:17Z"
    },
    {
        "dataSetId": "appsets/marketrisk/stress/localised/LOCALISED_FX_SPOT_VOLS_RR-20180305121521/date=2018-03-16/version=1",
        "modificationTime": "2018-04-05T06:57:11Z"
    },
    {
        "dataSetId": "appsets/marketrisk/stress/localised/LocalisedIRCurveAndVolShocks/date=2018-03-16/version=1",
        "modificationTime": "2018-04-13T01:31:15Z"
    },
    {
        "dataSetId": "appsets/marketrisk/stress/localised/LocalisedIRCurveAndVolShocks_Region/date=2018-03-16/version=1",
        "modificationTime": "2018-04-13T01:31:37Z"
    },
    {
        "dataSetId": "appsets/marketrisk/stress/localised/Localised_Stress_Commodities/date=2018-03-16/version=1",
        "modificationTime": "2018-04-13T01:31:34Z"
    },
    {
        "dataSetId": "appsets/marketrisk/stress/localised/SPT_Rates_Supplementary/date=2018-03-23/version=1",
        "modificationTime": "2018-04-04T14:58:48Z"
    },
    {
        "dataSetId": "appsets/marketrisk/stress/localised/TestLMMshift/date=2018-03-16/version=1",
        "modificationTime": "2018-04-13T01:31:30Z"
    },
    {
        "dataSetId": "appsets/marketrisk/stress/localised-missingshocks/LOCALISED_FX_SPOT/date=2018-03-16/version=1",
        "modificationTime": "2018-04-13T00:44:46Z"
    },
    {
        "dataSetId": "appsets/marketrisk/stress/localised-missingshocks/LOCALISED_FX_SPOT/date=2018-03-23/version=1",
        "modificationTime": "2018-04-04T15:12:32Z"
    },
    {
        "dataSetId": "appsets/marketrisk/stress/localised-missingshocks/LOCALISED_FX_SPOT_VOLS/date=2018-03-16/version=1",
        "modificationTime": "2018-05-15T13:14:24Z"
    },
    {
        "dataSetId": "appsets/marketrisk/stress/localised-missingshocks/LOCALISED_FX_SPOT_VOLS/date=2018-03-23/version=1",
        "modificationTime": "2018-04-04T15:12:30Z"
    },
    {
        "dataSetId": "appsets/marketrisk/stress/localised-missingshocks/LOCALISED_FX_SPOT_VOLS_RR/date=2018-03-16/version=1",
        "modificationTime": "2018-04-13T00:44:45Z"
    },
    {
        "dataSetId": "appsets/marketrisk/stress/localised-missingshocks/LocalisedIRCurveAndVolShocks/date=2018-03-16/version=1",
        "modificationTime": "2018-04-13T00:44:44Z"
    },
    {
        "dataSetId": "appsets/marketrisk/stress/localised-missingshocks/LocalisedIRCurveAndVolShocks_Region/date=2018-03-16/version=1",
        "modificationTime": "2018-04-13T00:44:48Z"
    },
    {
        "dataSetId": "appsets/marketrisk/stress/localised-missingshocks/Localised_Stress_Commodities/date=2018-03-16/version=1",
        "modificationTime": "2018-04-13T00:44:48Z"
    },
    {
        "dataSetId": "appsets/marketrisk/stress/localised-missingshocks/SPT_Rates_Supplementary/date=2018-03-23/version=1",
        "modificationTime": "2018-04-04T15:12:31Z"
    },
    {
        "dataSetId": "appsets/marketrisk/stress/localised-missingshocks/TestLMMshift/date=2018-03-16/version=1",
        "modificationTime": "2018-04-13T00:44:47Z"
    },
    {
        "dataSetId": "appsets/marketrisk/stress/shockType=global/Acrimonious_Brexit_Triggers_Global_Risk_Aversion/cobDate=2018-03-23/version=1",
        "modificationTime": "2018-06-16T20:19:35Z"
    },
    {
        "dataSetId": "appsets/marketrisk/stress/shockType=global/Bond_Armageddon/cobDate=2018-03-23/version=1",
        "modificationTime": "2018-06-16T20:20:57Z"
    },
    {
        "dataSetId": "appsets/marketrisk/stress/shockType=global/Middle_East_War/cobDate=2018-03-23/version=1",
        "modificationTime": "2018-06-16T20:20:03Z"
    },
    {
        "dataSetId": "appsets/marketrisk/stress/shockType=global/Oil_Price_Slump/cobDate=2018-03-23/version=1",
        "modificationTime": "2018-06-16T20:20:28Z"
    },
    {
        "dataSetId": "appsets/marketrisk/stress/shockType=global/Oil_Price_Spike/cobDate=2018-03-23/version=1",
        "modificationTime": "2018-06-16T20:18:59Z"
    },
    {
        "dataSetId": "appsets/marketrisk/stress/shockType=global/shockName=Acrimonious_Brexit_Triggers_Global_Risk_Aversion/reportName=trades/cobDate=2018-03-23/version=1",
        "modificationTime": "2018-06-16T20:31:12Z"
    },
    {
        "dataSetId": "appsets/marketrisk/stress/shockType=global/shockName=Bond_Armageddon/reportName=trades/cobDate=2018-03-23/version=1",
        "modificationTime": "2018-06-16T20:32:42Z"
    },
    {
        "dataSetId": "appsets/marketrisk/stress/shockType=global/shockName=Middle_East_War/reportName=trades/cobDate=2018-03-23/version=1",
        "modificationTime": "2018-06-16T20:31:40Z"
    },
    {
        "dataSetId": "appsets/marketrisk/stress/shockType=global/shockName=Oil_Price_Slump/reportName=trades/cobDate=2018-03-23/version=1",
        "modificationTime": "2018-06-16T20:32:13Z"
    },
    {
        "dataSetId": "appsets/marketrisk/stress/shockType=global/shockName=Oil_Price_Spike/reportName=trades/cobDate=2018-03-23/version=1",
        "modificationTime": "2018-06-16T20:30:36Z"
    },
    {
        "dataSetId": "appsets/marketrisk/stress/summary/batch/date=2018-03-16/version=1",
        "modificationTime": "2018-05-15T13:30:26Z"
    },
    {
        "dataSetId": "appsets/marketrisk/stress/summary/batch/date=2018-03-23/version=1",
        "modificationTime": "2018-04-12T17:06:43Z"
    },
    {
        "dataSetId": "appsets/marketrisk/stress/summary/performance/date=2018-03-16/version=1",
        "modificationTime": "2018-05-15T13:33:35Z"
    },
    {
        "dataSetId": "appsets/marketrisk/stress/summary/sensitivity/date=2018-03-16/version=1",
        "modificationTime": "2018-05-15T13:32:31Z"
    }
]
