{
    "modificationTime": "2018-04-04T15:09:52Z",
    "chunks": [],
    "dataSetId": "appsets/marketrisk/stress/global-missingshocks/Oil_Price_Spike/date=2018-03-23/version=1",
    "blobs": [
        { "name": "Oil_Price_Spike-Global-MissingShocks-20180323.csv.gz", "sizeInBytes": 131998 }
    ],
    "metadata": {
        "appName": "com.scb.sabre.store.job.feed.globalscenarios.missingshock.MissingShockJobMain_1522810414013",
        "appLocation": "uklpadsab126a.uk.standardchartered.com",
        "appVersion": "0.0.34548_3",
        "appInstance": "application_1521942550407_1001",
        "meta": {
            "className": "com.scb.sabre.store.job.feed.globalscenarios.missingshock.MissingShockJobMain_1522810414013",
            "targetFile": "hdfs:///sabrestore/dev/datasets/appsets/marketrisk/stress/global-missingshocks/Oil_Price_Spike/date=2018-03-23/version=1/appset.parquet"
        },
        "_userId": "SMR_DEV_RO",
        "ttl": 31536000,
        "sources": [
            {
                "id": "hdfs:///sabrestore/dev/datasets/raw/fdsf/SABRE-36405/asOfDate=2018-03-23/run=overnight/batch=mrb_shocks_market_*/*/GlobalScenariosUnshockedNode.parquet"
            }
        ],
        "_createdTime": "2018-04-04T15:09:46Z"
    },
    "tables": [
        { "name": "Error", "sizeInBytes": 7020 },
        { "name": "appset", "sizeInBytes": 275613 }
    ],
    "transactions": []
}
